station_from_id,station_from_name,station_from_lat,station_from_lon,station_to_id,station_to_name,station_to_lat,station_to_lon,line,edge_distance_km
940GZZLUEAC,Elephant & Castle Underground Station,51.494536,-0.100606,940GZZLULBN,Lambeth North Underground Station,51.498808,-0.112315,bakerloo,0.9394991702610342
940GZZLULBN,Lambeth North Underground Station,51.498808,-0.112315,940GZZLUWLO,Waterloo Underground Station,51.503299,-0.11478,bakerloo,0.527721070905956
940GZZLUWLO,Waterloo Underground Station,51.503299,-0.11478,940GZZLUEMB,Embankment Underground Station,51.507058,-0.122666,bakerloo,0.687472130074269
940GZZLUEMB,Embankment Underground Station,51.507058,-0.122666,940GZZLUCHX,Charing Cross Underground Station,51.50741,-0.127277,bakerloo,0.321516254857118
940GZZLUCHX,Charing Cross Underground Station,51.50741,-0.127277,940GZZLUPCC,Piccadilly Circus Underground Station,51.51005,-0.133798,bakerloo,0.5383736503872678
940GZZLUPCC,Piccadilly Circus Underground Station,51.51005,-0.133798,940GZZLUOXC,Oxford Circus Underground Station,51.515224,-0.141903,bakerloo,0.8034788679826605
940GZZLUOXC,Oxford Circus Underground Station,51.515224,-0.141903,940GZZLURGP,Regent's Park Underground Station,51.523344,-0.146444,bakerloo,0.9560090539033586
940GZZLURGP,Regent's Park Underground Station,51.523344,-0.146444,940GZZLUBST,Baker Street Underground Station,51.522883,-0.15713,bakerloo,0.7410897113078355
940GZZLUBST,Baker Street Underground Station,51.522883,-0.15713,940GZZLUMYB,Marylebone Underground Station,51.522322,-0.163207,bakerloo,0.4250465672603034
940GZZLUMYB,Marylebone Underground Station,51.522322,-0.163207,940GZZLUERB,Edgware Road (Bakerloo) Underground Station,51.520299,-0.17015,bakerloo,0.5304333012178056
940GZZLUERB,Edgware Road (Bakerloo) Underground Station,51.520299,-0.17015,940GZZLUPAC,Paddington Underground Station,51.516581,-0.175689,bakerloo,0.5637413497513417
940GZZLUPAC,Paddington Underground Station,51.516581,-0.175689,940GZZLUWKA,Warwick Avenue Underground Station,51.523263,-0.183783,bakerloo,0.9304215639734826
940GZZLUWKA,Warwick Avenue Underground Station,51.523263,-0.183783,940GZZLUMVL,Maida Vale Underground Station,51.529777,-0.185758,bakerloo,0.737097612271158
940GZZLUMVL,Maida Vale Underground Station,51.529777,-0.185758,940GZZLUKPK,Kilburn Park Underground Station,51.534979,-0.194232,bakerloo,0.823510025389763
940GZZLUKPK,Kilburn Park Underground Station,51.534979,-0.194232,940GZZLUQPS,Queen's Park Underground Station,51.534158,-0.204574,bakerloo,0.7211367255879518
940GZZLUQPS,Queen's Park Underground Station,51.534158,-0.204574,940GZZLUKSL,Kensal Green Underground Station,51.530539,-0.225016,bakerloo,1.4701476465236152
940GZZLUKSL,Kensal Green Underground Station,51.530539,-0.225016,940GZZLUWJN,Willesden Junction Underground Station,51.532259,-0.244283,bakerloo,1.346404766510255
940GZZLUWJN,Willesden Junction Underground Station,51.532259,-0.244283,940GZZLUHSN,Harlesden Underground Station,51.53631,-0.257883,bakerloo,1.0429781990121614
940GZZLUHSN,Harlesden Underground Station,51.53631,-0.257883,940GZZLUSGP,Stonebridge Park Underground Station,51.543959,-0.275892,bakerloo,1.50819592023835
940GZZLUSGP,Stonebridge Park Underground Station,51.543959,-0.275892,940GZZLUWYC,Wembley Central Underground Station,51.552304,-0.296852,bakerloo,1.7209273811168178
940GZZLUWYC,Wembley Central Underground Station,51.552304,-0.296852,940GZZLUNWY,North Wembley Underground Station,51.562551,-0.304,bakerloo,1.2419595245906514
940GZZLUNWY,North Wembley Underground Station,51.562551,-0.304,940GZZLUSKT,South Kenton Underground Station,51.570232,-0.308433,bakerloo,0.9073874766275491
940GZZLUSKT,South Kenton Underground Station,51.570232,-0.308433,940GZZLUKEN,Kenton Underground Station,51.581756,-0.31691,bakerloo,1.4089632947185333
940GZZLUKEN,Kenton Underground Station,51.581756,-0.31691,940GZZLUHAW,Harrow & Wealdstone Underground Station,51.592268,-0.335217,bakerloo,1.7222072039885727
940GZZLUWRP,West Ruislip Underground Station,51.569688,-0.437886,940GZZLURSG,Ruislip Gardens Underground Station,51.560736,-0.41071,central,2.1258884002974368
940GZZLURSG,Ruislip Gardens Underground Station,51.560736,-0.41071,940GZZLUSRP,South Ruislip Underground Station,51.556853,-0.398915,central,0.9226620339906273
940GZZLUSRP,South Ruislip Underground Station,51.556853,-0.398915,940GZZLUNHT,Northolt Underground Station,51.548236,-0.368699,central,2.2984005890808064
940GZZLUNHT,Northolt Underground Station,51.548236,-0.368699,940GZZLUGFD,Greenford Underground Station,51.542424,-0.34605,central,1.694310010050795
940GZZLUGFD,Greenford Underground Station,51.542424,-0.34605,940GZZLUPVL,Perivale Underground Station,51.536717,-0.323446,central,1.6871907162628585
940GZZLUPVL,Perivale Underground Station,51.536717,-0.323446,940GZZLUHGR,Hanger Lane Underground Station,51.530177,-0.292704,central,2.247326445001896
940GZZLUHGR,Hanger Lane Underground Station,51.530177,-0.292704,940GZZLUNAN,North Acton Underground Station,51.523524,-0.259755,central,2.3964441106841146
940GZZLUNAN,North Acton Underground Station,51.523524,-0.259755,940GZZLUEAN,East Acton Underground Station,51.516612,-0.247248,central,1.1573938992697779
940GZZLUEAN,East Acton Underground Station,51.516612,-0.247248,940GZZLUWCY,White City Underground Station,51.511959,-0.224297,central,1.6703326546522412
940GZZLUWCY,White City Underground Station,51.511959,-0.224297,940GZZLUSBC,Shepherd's Bush (Central) Underground Station,51.504376,-0.218813,central,0.9246727144199558
940GZZLUSBC,Shepherd's Bush (Central) Underground Station,51.504376,-0.218813,940GZZLUHPK,Holland Park Underground Station,51.507143,-0.205679,central,0.9596845157027896
940GZZLUHPK,Holland Park Underground Station,51.507143,-0.205679,940GZZLUNHG,Notting Hill Gate Underground Station,51.509128,-0.196104,central,0.6984601756133876
940GZZLUNHG,Notting Hill Gate Underground Station,51.509128,-0.196104,940GZZLUQWY,Queensway Underground Station,51.510312,-0.187152,central,0.6333638403411938
940GZZLUQWY,Queensway Underground Station,51.510312,-0.187152,940GZZLULGT,Lancaster Gate Underground Station,51.511723,-0.175494,central,0.8218915463819032
940GZZLULGT,Lancaster Gate Underground Station,51.511723,-0.175494,940GZZLUMBA,Marble Arch Underground Station,51.513424,-0.158953,central,1.1601815088052967
940GZZLUMBA,Marble Arch Underground Station,51.513424,-0.158953,940GZZLUBND,Bond Street Underground Station,51.514304,-0.149723,central,0.6461625949969434
940GZZLUBND,Bond Street Underground Station,51.514304,-0.149723,940GZZLUOXC,Oxford Circus Underground Station,51.515224,-0.141903,central,0.5507135558060228
940GZZLUOXC,Oxford Circus Underground Station,51.515224,-0.141903,940GZZLUTCR,Tottenham Court Road Underground Station,51.516426,-0.13041,central,0.8064277228946144
940GZZLUTCR,Tottenham Court Road Underground Station,51.516426,-0.13041,940GZZLUHBN,Holborn Underground Station,51.51758,-0.120475,central,0.699322212587911
940GZZLUHBN,Holborn Underground Station,51.51758,-0.120475,940GZZLUCHL,Chancery Lane Underground Station,51.518247,-0.111583,central,0.6197205472143643
940GZZLUCHL,Chancery Lane Underground Station,51.518247,-0.111583,940GZZLUSPU,St. Paul's Underground Station,51.514936,-0.097567,central,1.0373706143267833
940GZZLUSPU,St. Paul's Underground Station,51.514936,-0.097567,940GZZLUBNK,Bank Underground Station,51.513335,-0.088712,central,0.6380936546021023
940GZZLUBNK,Bank Underground Station,51.513335,-0.088712,940GZZLULVT,Liverpool Street Underground Station,51.517372,-0.083182,central,0.5898598129299625
940GZZLULVT,Liverpool Street Underground Station,51.517372,-0.083182,940GZZLUBLG,Bethnal Green Underground Station,51.527222,-0.055506,central,2.205925477361865
940GZZLUBLG,Bethnal Green Underground Station,51.527222,-0.055506,940GZZLUMED,Mile End Underground Station,51.525122,-0.03364,central,1.5306222068328719
940GZZLUMED,Mile End Underground Station,51.525122,-0.03364,940GZZLUSTD,Stratford Underground Station,51.541806,-0.003458,central,2.792861799244731
940GZZLUSTD,Stratford Underground Station,51.541806,-0.003458,940GZZLULYN,Leyton Underground Station,51.556589,-0.005523,central,1.6499843956339826
940GZZLULYN,Leyton Underground Station,51.556589,-0.005523,940GZZLULYS,Leytonstone Underground Station,51.568324,0.008194,central,1.6129992789496026
940GZZLULYS,Leytonstone Underground Station,51.568324,0.008194,940GZZLUSNB,Snaresbrook Underground Station,51.580678,0.02144,central,1.6507589201429709
940GZZLUSNB,Snaresbrook Underground Station,51.580678,0.02144,940GZZLUSWF,South Woodford Underground Station,51.591907,0.027338,central,1.3134186999683757
940GZZLUSWF,South Woodford Underground Station,51.591907,0.027338,940GZZLUWOF,Woodford Underground Station,51.606899,0.03397,central,1.7288232860637909
940GZZLUWOF,Woodford Underground Station,51.606899,0.03397,940GZZLUBKH,Buckhurst Hill Underground Station,51.626605,0.046757,central,2.3623755417907066
940GZZLUBKH,Buckhurst Hill Underground Station,51.626605,0.046757,940GZZLULGN,Loughton Underground Station,51.641443,0.055476,central,1.7562218819351891
940GZZLULGN,Loughton Underground Station,51.641443,0.055476,940GZZLUDBN,Debden Underground Station,51.645386,0.083782,central,2.0017877393883268
940GZZLUDBN,Debden Underground Station,51.645386,0.083782,940GZZLUTHB,Theydon Bois Underground Station,51.671759,0.103085,central,3.2206719995525463
940GZZLUTHB,Theydon Bois Underground Station,51.671759,0.103085,940GZZLUEPG,Epping Underground Station,51.69368,0.113767,central,2.546326110667947
940GZZLULYS,Leytonstone Underground Station,51.568324,0.008194,940GZZLUWSD,Wanstead Underground Station,51.575501,0.028527,central,1.6160355411386658
940GZZLUWSD,Wanstead Underground Station,51.575501,0.028527,940GZZLURBG,Redbridge Underground Station,51.576243,0.04536,central,1.1661697075003088
940GZZLURBG,Redbridge Underground Station,51.576243,0.04536,940GZZLUGTH,Gants Hill Underground Station,51.576544,0.066185,central,1.4394878599519487
940GZZLUGTH,Gants Hill Underground Station,51.576544,0.066185,940GZZLUNBP,Newbury Park Underground Station,51.575726,0.090004,central,1.6485177908094844
940GZZLUNBP,Newbury Park Underground Station,51.575726,0.090004,940GZZLUBKE,Barkingside Underground Station,51.585689,0.088585,central,1.1121655775013506
940GZZLUBKE,Barkingside Underground Station,51.585689,0.088585,940GZZLUFLP,Fairlop Underground Station,51.595618,0.091004,central,1.1166298747028716
940GZZLUFLP,Fairlop Underground Station,51.595618,0.091004,940GZZLUHLT,Hainault Underground Station,51.603659,0.093482,central,0.9103521803470609
940GZZLUWOF,Woodford Underground Station,51.606899,0.03397,940GZZLURVY,Roding Valley Underground Station,51.617199,0.043647,central,1.3259784510214259
940GZZLURVY,Roding Valley Underground Station,51.617199,0.043647,940GZZLUCWL,Chigwell Underground Station,51.617916,0.075041,central,2.1689632591790873
940GZZLUCWL,Chigwell Underground Station,51.617916,0.075041,940GZZLUGGH,Grange Hill Underground Station,51.613378,0.092066,central,1.2792147515533197
940GZZLUGGH,Grange Hill Underground Station,51.613378,0.092066,940GZZLUHLT,Hainault Underground Station,51.603659,0.093482,central,1.0851181866849227
940GZZLUEBY,Ealing Broadway Underground Station,51.515017,-0.301457,940GZZLUWTA,West Acton Underground Station,51.518001,-0.28098,central,1.4552458206501493
940GZZLUWTA,West Acton Underground Station,51.518001,-0.28098,940GZZLUNAN,North Acton Underground Station,51.523524,-0.259755,central,1.5917758307169316
940GZZLUHSC,Hammersmith (H&C Line) Underground Station,51.49339,-0.22503,940GZZLUGHK,Goldhawk Road Underground Station,51.502005,-0.226715,circle,0.9650195407459996
940GZZLUGHK,Goldhawk Road Underground Station,51.502005,-0.226715,940GZZLUSBM,Shepherd's Bush Market Underground Station,51.505579,-0.226375,circle,0.39810682116042234
940GZZLUSBM,Shepherd's Bush Market Underground Station,51.505579,-0.226375,940GZZLUWLA,Wood Lane Underground Station,51.509669,-0.22453,circle,0.47237303174780576
940GZZLUWLA,Wood Lane Underground Station,51.509669,-0.22453,940GZZLULRD,Latimer Road Underground Station,51.513389,-0.217799,circle,0.6229580146432765
940GZZLULRD,Latimer Road Underground Station,51.513389,-0.217799,940GZZLULAD,Ladbroke Grove Underground Station,51.517449,-0.210391,circle,0.6830659968931708
940GZZLULAD,Ladbroke Grove Underground Station,51.517449,-0.210391,940GZZLUWSP,Westbourne Park Underground Station,51.52111,-0.201065,circle,0.7629549573932685
940GZZLUWSP,Westbourne Park Underground Station,51.52111,-0.201065,940GZZLURYO,Royal Oak Underground Station,51.519113,-0.188748,circle,0.8806671787882604
940GZZLURYO,Royal Oak Underground Station,51.519113,-0.188748,940GZZLUPAH,Paddington (H&C Line)-Underground,51.518187,-0.178306,circle,0.7298044913113206
940GZZLUPAH,Paddington (H&C Line)-Underground,51.518187,-0.178306,940GZZLUERC,Edgware Road (Circle Line) Underground Station,51.519858,-0.167832,circle,0.748152663434698
940GZZLUERC,Edgware Road (Circle Line) Underground Station,51.519858,-0.167832,940GZZLUBST,Baker Street Underground Station,51.522883,-0.15713,circle,0.8132696042602869
940GZZLUBST,Baker Street Underground Station,51.522883,-0.15713,940GZZLUGPS,Great Portland Street Underground Station,51.52384,-0.144262,circle,0.8966095509134202
940GZZLUGPS,Great Portland Street Underground Station,51.52384,-0.144262,940GZZLUESQ,Euston Square Underground Station,51.525604,-0.135829,circle,0.6155097999323507
940GZZLUESQ,Euston Square Underground Station,51.525604,-0.135829,940GZZLUKSX,King's Cross St. Pancras Underground Station,51.530663,-0.123194,circle,1.0394362725275685
940GZZLUKSX,King's Cross St. Pancras Underground Station,51.530663,-0.123194,940GZZLUFCN,Farringdon Underground Station,51.520252,-0.104913,circle,1.7145413120304283
940GZZLUFCN,Farringdon Underground Station,51.520252,-0.104913,940GZZLUBBN,Barbican Underground Station,51.520275,-0.097993,circle,0.47879947386404725
940GZZLUBBN,Barbican Underground Station,51.520275,-0.097993,940GZZLUMGT,Moorgate Underground Station,51.518176,-0.088322,circle,0.7086852017576026
940GZZLUMGT,Moorgate Underground Station,51.518176,-0.088322,940GZZLULVT,Liverpool Street Underground Station,51.517372,-0.083182,circle,0.3667186501476433
940GZZLULVT,Liverpool Street Underground Station,51.517372,-0.083182,940GZZLUALD,Aldgate Underground Station,51.514246,-0.075689,circle,0.6242222419166865
940GZZLUALD,Aldgate Underground Station,51.514246,-0.075689,940GZZLUTWH,Tower Hill Underground Station,51.509971,-0.076546,circle,0.47904357548571624
940GZZLUTWH,Tower Hill Underground Station,51.509971,-0.076546,940GZZLUMMT,Monument Underground Station,51.5107,-0.085969,circle,0.657135373346578
940GZZLUMMT,Monument Underground Station,51.5107,-0.085969,940GZZLUCST,Cannon Street Underground Station,51.51151,-0.090432,circle,0.3217204563702303
940GZZLUCST,Cannon Street Underground Station,51.51151,-0.090432,940GZZLUMSH,Mansion House Underground Station,51.512117,-0.094009,circle,0.2565743537156819
940GZZLUMSH,Mansion House Underground Station,51.512117,-0.094009,940GZZLUBKF,Blackfriars Underground Station,51.511581,-0.103659,circle,0.6704581992074258
940GZZLUBKF,Blackfriars Underground Station,51.511581,-0.103659,940GZZLUTMP,Temple Underground Station,51.511006,-0.11426,circle,0.7364052066430856
940GZZLUTMP,Temple Underground Station,51.511006,-0.11426,940GZZLUEMB,Embankment Underground Station,51.507058,-0.122666,circle,0.7288032593548937
940GZZLUEMB,Embankment Underground Station,51.507058,-0.122666,940GZZLUWSM,Westminster Underground Station,51.50132,-0.124861,circle,0.655874802174977
940GZZLUWSM,Westminster Underground Station,51.50132,-0.124861,940GZZLUSJP,St. James's Park Underground Station,51.499544,-0.133608,circle,0.6368578617823163
940GZZLUSJP,St. James's Park Underground Station,51.499544,-0.133608,940GZZLUVIC,Victoria Underground Station,51.496359,-0.143102,circle,0.7465585043461194
940GZZLUVIC,Victoria Underground Station,51.496359,-0.143102,940GZZLUSSQ,Sloane Square Underground Station,51.49227,-0.156377,circle,1.0253396409092326
940GZZLUSSQ,Sloane Square Underground Station,51.49227,-0.156377,940GZZLUSKS,South Kensington Underground Station,51.494094,-0.174138,circle,1.2462235905679608
940GZZLUSKS,South Kensington Underground Station,51.494094,-0.174138,940GZZLUGTR,Gloucester Road Underground Station,51.494316,-0.182658,circle,0.5903497139215862
940GZZLUGTR,Gloucester Road Underground Station,51.494316,-0.182658,940GZZLUHSK,High Street Kensington Underground Station,51.501055,-0.192792,circle,1.0264691159575534
940GZZLUHSK,High Street Kensington Underground Station,51.501055,-0.192792,940GZZLUNHG,Notting Hill Gate Underground Station,51.509128,-0.196104,circle,0.9264830980700492
940GZZLUNHG,Notting Hill Gate Underground Station,51.509128,-0.196104,940GZZLUBWT,Bayswater Underground Station,51.512284,-0.187938,circle,0.6652180660693167
940GZZLUBWT,Bayswater Underground Station,51.512284,-0.187938,940GZZLUPAC,Paddington Underground Station,51.516581,-0.175689,circle,0.9730082367091731
940GZZLUPAC,Paddington Underground Station,51.516581,-0.175689,940GZZLUERC,Edgware Road (Circle Line) Underground Station,51.519858,-0.167832,circle,0.6544691747658944
940GZZLUEBY,Ealing Broadway Underground Station,51.515017,-0.301457,940GZZLUECM,Ealing Common Underground Station,51.51014,-0.288265,district,1.06182915615042
940GZZLUECM,Ealing Common Underground Station,51.51014,-0.288265,940GZZLUACT,Acton Town Underground Station,51.503057,-0.280462,district,0.9549643076089174
940GZZLUACT,Acton Town Underground Station,51.503057,-0.280462,940GZZLUCWP,Chiswick Park Underground Station,51.494627,-0.267972,district,1.2752164037575426
940GZZLUCWP,Chiswick Park Underground Station,51.494627,-0.267972,940GZZLUTNG,Turnham Green Underground Station,51.495148,-0.254555,district,0.9306401225794086
940GZZLUTNG,Turnham Green Underground Station,51.495148,-0.254555,940GZZLUSFB,Stamford Brook Underground Station,51.494917,-0.245704,district,0.6132752947829068
940GZZLUSFB,Stamford Brook Underground Station,51.494917,-0.245704,940GZZLURVP,Ravenscourt Park Underground Station,51.494122,-0.235881,district,0.6857560670590415
940GZZLURVP,Ravenscourt Park Underground Station,51.494122,-0.235881,940GZZLUHSD,Hammersmith (Dist&Picc Line) Underground Station,51.4923,-0.22362,district,0.8726812515305831
940GZZLUHSD,Hammersmith (Dist&Picc Line) Underground Station,51.4923,-0.22362,940GZZLUBSC,Barons Court Underground Station,51.490311,-0.213427,district,0.7395441588636787
940GZZLUBSC,Barons Court Underground Station,51.490311,-0.213427,940GZZLUWKN,West Kensington Underground Station,51.490459,-0.206636,district,0.47046329190751285
940GZZLUWKN,West Kensington Underground Station,51.490459,-0.206636,940GZZLUECT,Earl's Court Underground Station,51.492063,-0.193378,district,0.9350685758909605
940GZZLUECT,Earl's Court Underground Station,51.492063,-0.193378,940GZZLUGTR,Gloucester Road Underground Station,51.494316,-0.182658,district,0.7832971216365525
940GZZLUGTR,Gloucester Road Underground Station,51.494316,-0.182658,940GZZLUSKS,South Kensington Underground Station,51.494094,-0.174138,district,0.5903497139215862
940GZZLUSKS,South Kensington Underground Station,51.494094,-0.174138,940GZZLUSSQ,Sloane Square Underground Station,51.49227,-0.156377,district,1.2462235905679608
940GZZLUSSQ,Sloane Square Underground Station,51.49227,-0.156377,940GZZLUVIC,Victoria Underground Station,51.496359,-0.143102,district,1.0253396409092326
940GZZLUVIC,Victoria Underground Station,51.496359,-0.143102,940GZZLUSJP,St. James's Park Underground Station,51.499544,-0.133608,district,0.7465585043461194
940GZZLUSJP,St. James's Park Underground Station,51.499544,-0.133608,940GZZLUWSM,Westminster Underground Station,51.50132,-0.124861,district,0.6368578617823163
940GZZLUWSM,Westminster Underground Station,51.50132,-0.124861,940GZZLUEMB,Embankment Underground Station,51.507058,-0.122666,district,0.655874802174977
940GZZLUEMB,Embankment Underground Station,51.507058,-0.122666,940GZZLUTMP,Temple Underground Station,51.511006,-0.11426,district,0.7288032593548937
940GZZLUTMP,Temple Underground Station,51.511006,-0.11426,940GZZLUBKF,Blackfriars Underground Station,51.511581,-0.103659,district,0.7364052066430856
940GZZLUBKF,Blackfriars Underground Station,51.511581,-0.103659,940GZZLUMSH,Mansion House Underground Station,51.512117,-0.094009,district,0.6704581992074258
940GZZLUMSH,Mansion House Underground Station,51.512117,-0.094009,940GZZLUCST,Cannon Street Underground Station,51.51151,-0.090432,district,0.2565743537156819
940GZZLUCST,Cannon Street Underground Station,51.51151,-0.090432,940GZZLUMMT,Monument Underground Station,51.5107,-0.085969,district,0.3217204563702303
940GZZLUMMT,Monument Underground Station,51.5107,-0.085969,940GZZLUTWH,Tower Hill Underground Station,51.509971,-0.076546,district,0.657135373346578
940GZZLUTWH,Tower Hill Underground Station,51.509971,-0.076546,940GZZLUADE,Aldgate East Underground Station,51.515037,-0.072384,district,0.6326733968698344
940GZZLUADE,Aldgate East Underground Station,51.515037,-0.072384,940GZZLUWPL,Whitechapel Underground Station,51.519518,-0.059971,district,0.9929704305314422
940GZZLUWPL,Whitechapel Underground Station,51.519518,-0.059971,940GZZLUSGN,Stepney Green Underground Station,51.521858,-0.046596,district,0.9612874591962262
940GZZLUSGN,Stepney Green Underground Station,51.521858,-0.046596,940GZZLUMED,Mile End Underground Station,51.525122,-0.03364,district,0.9670488331099445
940GZZLUMED,Mile End Underground Station,51.525122,-0.03364,940GZZLUBWR,Bow Road Underground Station,51.52694,-0.025128,district,0.6226003144646983
940GZZLUBWR,Bow Road Underground Station,51.52694,-0.025128,940GZZLUBBB,Bromley-by-Bow Underground Station,51.524839,-0.011538,district,0.9687628115805836
940GZZLUBBB,Bromley-by-Bow Underground Station,51.524839,-0.011538,940GZZLUWHM,West Ham Underground Station,51.528136,0.005055,district,1.2050288319051239
940GZZLUWHM,West Ham Underground Station,51.528136,0.005055,940GZZLUPLW,Plaistow Underground Station,51.531341,0.017451,district,0.9286051342253482
940GZZLUPLW,Plaistow Underground Station,51.531341,0.017451,940GZZLUUPK,Upton Park Underground Station,51.53534,0.035263,district,1.309841300360384
940GZZLUUPK,Upton Park Underground Station,51.53534,0.035263,940GZZLUEHM,East Ham Underground Station,51.538948,0.051186,district,1.1720980954259148
940GZZLUEHM,East Ham Underground Station,51.538948,0.051186,940GZZLUBKG,Barking Underground Station,51.539321,0.081053,district,2.0660483698156558
940GZZLUBKG,Barking Underground Station,51.539321,0.081053,940GZZLUUPY,Upney Underground Station,51.538372,0.10153,district,1.4201449698132518
940GZZLUUPY,Upney Underground Station,51.538372,0.10153,940GZZLUBEC,Becontree Underground Station,51.540331,0.127016,district,1.776038294309093
940GZZLUBEC,Becontree Underground Station,51.540331,0.127016,940GZZLUDGY,Dagenham Heathway Underground Station,51.541639,0.147527,district,1.4259407235802168
940GZZLUDGY,Dagenham Heathway Underground Station,51.541639,0.147527,940GZZLUDGE,Dagenham East Underground Station,51.544096,0.166017,district,1.3075434314902954
940GZZLUDGE,Dagenham East Underground Station,51.544096,0.166017,940GZZLUEPK,Elm Park Underground Station,51.549775,0.19864,district,2.342570107754237
940GZZLUEPK,Elm Park Underground Station,51.549775,0.19864,940GZZLUHCH,Hornchurch Underground Station,51.554093,0.219116,district,1.4949452529096856
940GZZLUHCH,Hornchurch Underground Station,51.554093,0.219116,940GZZLUUPB,Upminster Bridge Underground Station,51.55856,0.235809,district,1.2564207182306448
940GZZLUUPB,Upminster Bridge Underground Station,51.55856,0.235809,940GZZLUUPM,Upminster Underground Station,51.559063,0.250882,district,1.0435131966138453
940GZZLURMD,Richmond Underground Station,51.463237,-0.301336,940GZZLUKWG,Kew Gardens Underground Station,51.477058,-0.285241,district,1.8986005484954676
940GZZLUKWG,Kew Gardens Underground Station,51.477058,-0.285241,940GZZLUGBY,Gunnersbury Underground Station,51.491803,-0.275267,district,1.7790929796579713
940GZZLUGBY,Gunnersbury Underground Station,51.491803,-0.275267,940GZZLUTNG,Turnham Green Underground Station,51.495148,-0.254555,district,1.4813549995484254
940GZZLUWIM,Wimbledon Underground Station,51.421207,-0.206573,940GZZLUWIP,Wimbledon Park Underground Station,51.434573,-0.199719,district,1.5603482910142141
940GZZLUWIP,Wimbledon Park Underground Station,51.434573,-0.199719,940GZZLUSFS,Southfields Underground Station,51.445073,-0.206602,district,1.2612550558491946
940GZZLUSFS,Southfields Underground Station,51.445073,-0.206602,940GZZLUEPY,East Putney Underground Station,51.459205,-0.211,district,1.6006849564851577
940GZZLUEPY,East Putney Underground Station,51.459205,-0.211,940GZZLUPYB,Putney Bridge Underground Station,51.468262,-0.208731,district,1.0192853887890074
940GZZLUPYB,Putney Bridge Underground Station,51.468262,-0.208731,940GZZLUPSG,Parsons Green Underground Station,51.475277,-0.20117,district,0.9395277285385034
940GZZLUPSG,Parsons Green Underground Station,51.475277,-0.20117,940GZZLUFBY,Fulham Broadway Underground Station,51.480081,-0.195422,district,0.6661919490925751
940GZZLUFBY,Fulham Broadway Underground Station,51.480081,-0.195422,940GZZLUWBN,West Brompton Underground Station,51.487268,-0.195599,district,0.7992519184581998
940GZZLUWBN,West Brompton Underground Station,51.487268,-0.195599,940GZZLUECT,Earl's Court Underground Station,51.492063,-0.193378,district,0.5549115783260825
940GZZLUECT,Earl's Court Underground Station,51.492063,-0.193378,940GZZLUHSK,High Street Kensington Underground Station,51.501055,-0.192792,district,1.0006873639119171
940GZZLUHSK,High Street Kensington Underground Station,51.501055,-0.192792,940GZZLUNHG,Notting Hill Gate Underground Station,51.509128,-0.196104,district,0.9264830980700492
940GZZLUNHG,Notting Hill Gate Underground Station,51.509128,-0.196104,940GZZLUBWT,Bayswater Underground Station,51.512284,-0.187938,district,0.6652180660693167
940GZZLUBWT,Bayswater Underground Station,51.512284,-0.187938,940GZZLUPAC,Paddington Underground Station,51.516581,-0.175689,district,0.9730082367091731
940GZZLUPAC,Paddington Underground Station,51.516581,-0.175689,940GZZLUERC,Edgware Road (Circle Line) Underground Station,51.519858,-0.167832,district,0.6544691747658944
940GZZLUKOY,Kensington (Olympia) Underground Station,51.497624,-0.210015,940GZZLUECT,Earl's Court Underground Station,51.492063,-0.193378,district,1.3072466489294936
940GZZLUHSC,Hammersmith (H&C Line) Underground Station,51.49339,-0.22503,940GZZLUGHK,Goldhawk Road Underground Station,51.502005,-0.226715,hammersmith-city,0.9650195407459996
940GZZLUGHK,Goldhawk Road Underground Station,51.502005,-0.226715,940GZZLUSBM,Shepherd's Bush Market Underground Station,51.505579,-0.226375,hammersmith-city,0.39810682116042234
940GZZLUSBM,Shepherd's Bush Market Underground Station,51.505579,-0.226375,940GZZLUWLA,Wood Lane Underground Station,51.509669,-0.22453,hammersmith-city,0.47237303174780576
940GZZLUWLA,Wood Lane Underground Station,51.509669,-0.22453,940GZZLULRD,Latimer Road Underground Station,51.513389,-0.217799,hammersmith-city,0.6229580146432765
940GZZLULRD,Latimer Road Underground Station,51.513389,-0.217799,940GZZLULAD,Ladbroke Grove Underground Station,51.517449,-0.210391,hammersmith-city,0.6830659968931708
940GZZLULAD,Ladbroke Grove Underground Station,51.517449,-0.210391,940GZZLUWSP,Westbourne Park Underground Station,51.52111,-0.201065,hammersmith-city,0.7629549573932685
940GZZLUWSP,Westbourne Park Underground Station,51.52111,-0.201065,940GZZLURYO,Royal Oak Underground Station,51.519113,-0.188748,hammersmith-city,0.8806671787882604
940GZZLURYO,Royal Oak Underground Station,51.519113,-0.188748,940GZZLUPAH,Paddington (H&C Line)-Underground,51.518187,-0.178306,hammersmith-city,0.7298044913113206
940GZZLUPAH,Paddington (H&C Line)-Underground,51.518187,-0.178306,940GZZLUERC,Edgware Road (Circle Line) Underground Station,51.519858,-0.167832,hammersmith-city,0.748152663434698
940GZZLUERC,Edgware Road (Circle Line) Underground Station,51.519858,-0.167832,940GZZLUBST,Baker Street Underground Station,51.522883,-0.15713,hammersmith-city,0.8132696042602869
940GZZLUBST,Baker Street Underground Station,51.522883,-0.15713,940GZZLUGPS,Great Portland Street Underground Station,51.52384,-0.144262,hammersmith-city,0.8966095509134202
940GZZLUGPS,Great Portland Street Underground Station,51.52384,-0.144262,940GZZLUESQ,Euston Square Underground Station,51.525604,-0.135829,hammersmith-city,0.6155097999323507
940GZZLUESQ,Euston Square Underground Station,51.525604,-0.135829,940GZZLUKSX,King's Cross St. Pancras Underground Station,51.530663,-0.123194,hammersmith-city,1.0394362725275685
940GZZLUKSX,King's Cross St. Pancras Underground Station,51.530663,-0.123194,940GZZLUFCN,Farringdon Underground Station,51.520252,-0.104913,hammersmith-city,1.7145413120304283
940GZZLUFCN,Farringdon Underground Station,51.520252,-0.104913,940GZZLUBBN,Barbican Underground Station,51.520275,-0.097993,hammersmith-city,0.47879947386404725
940GZZLUBBN,Barbican Underground Station,51.520275,-0.097993,940GZZLUMGT,Moorgate Underground Station,51.518176,-0.088322,hammersmith-city,0.7086852017576026
940GZZLUMGT,Moorgate Underground Station,51.518176,-0.088322,940GZZLULVT,Liverpool Street Underground Station,51.517372,-0.083182,hammersmith-city,0.3667186501476433
940GZZLULVT,Liverpool Street Underground Station,51.517372,-0.083182,940GZZLUADE,Aldgate East Underground Station,51.515037,-0.072384,hammersmith-city,0.7910033117136083
940GZZLUADE,Aldgate East Underground Station,51.515037,-0.072384,940GZZLUWPL,Whitechapel Underground Station,51.519518,-0.059971,hammersmith-city,0.9929704305314422
940GZZLUWPL,Whitechapel Underground Station,51.519518,-0.059971,940GZZLUSGN,Stepney Green Underground Station,51.521858,-0.046596,hammersmith-city,0.9612874591962262
940GZZLUSGN,Stepney Green Underground Station,51.521858,-0.046596,940GZZLUMED,Mile End Underground Station,51.525122,-0.03364,hammersmith-city,0.9670488331099445
940GZZLUMED,Mile End Underground Station,51.525122,-0.03364,940GZZLUBWR,Bow Road Underground Station,51.52694,-0.025128,hammersmith-city,0.6226003144646983
940GZZLUBWR,Bow Road Underground Station,51.52694,-0.025128,940GZZLUBBB,Bromley-by-Bow Underground Station,51.524839,-0.011538,hammersmith-city,0.9687628115805836
940GZZLUBBB,Bromley-by-Bow Underground Station,51.524839,-0.011538,940GZZLUWHM,West Ham Underground Station,51.528136,0.005055,hammersmith-city,1.2050288319051239
940GZZLUWHM,West Ham Underground Station,51.528136,0.005055,940GZZLUPLW,Plaistow Underground Station,51.531341,0.017451,hammersmith-city,0.9286051342253482
940GZZLUPLW,Plaistow Underground Station,51.531341,0.017451,940GZZLUUPK,Upton Park Underground Station,51.53534,0.035263,hammersmith-city,1.309841300360384
940GZZLUUPK,Upton Park Underground Station,51.53534,0.035263,940GZZLUEHM,East Ham Underground Station,51.538948,0.051186,hammersmith-city,1.1720980954259148
940GZZLUEHM,East Ham Underground Station,51.538948,0.051186,940GZZLUBKG,Barking Underground Station,51.539321,0.081053,hammersmith-city,2.0660483698156558
940GZZLUSTM,Stanmore Underground Station,51.619839,-0.303266,940GZZLUCPK,Canons Park Underground Station,51.607701,-0.294693,jubilee,1.4737860339564381
940GZZLUCPK,Canons Park Underground Station,51.607701,-0.294693,940GZZLUQBY,Queensbury Underground Station,51.594188,-0.286219,jubilee,1.612539483039951
940GZZLUQBY,Queensbury Underground Station,51.594188,-0.286219,940GZZLUKBY,Kingsbury Underground Station,51.584845,-0.27879,jubilee,1.1587511965741695
940GZZLUKBY,Kingsbury Underground Station,51.584845,-0.27879,940GZZLUWYP,Wembley Park Underground Station,51.563198,-0.279262,jubilee,2.407257584986165
940GZZLUWYP,Wembley Park Underground Station,51.563198,-0.279262,940GZZLUNDN,Neasden Underground Station,51.553986,-0.249837,jubilee,2.277539673977866
940GZZLUNDN,Neasden Underground Station,51.553986,-0.249837,940GZZLUDOH,Dollis Hill Underground Station,51.551955,-0.239068,jubilee,0.7780646400816363
940GZZLUDOH,Dollis Hill Underground Station,51.551955,-0.239068,940GZZLUWIG,Willesden Green Underground Station,51.549146,-0.221537,jubilee,1.2517533279217747
940GZZLUWIG,Willesden Green Underground Station,51.549146,-0.221537,940GZZLUKBN,Kilburn Underground Station,51.547183,-0.204248,jubilee,1.2152508673305866
940GZZLUKBN,Kilburn Underground Station,51.547183,-0.204248,940GZZLUWHP,West Hampstead Underground Station,51.546638,-0.191059,jubilee,0.9140199648499412
940GZZLUWHP,West Hampstead Underground Station,51.546638,-0.191059,940GZZLUFYR,Finchley Road Underground Station,51.546825,-0.179845,jubilee,0.7757208883300305
940GZZLUFYR,Finchley Road Underground Station,51.546825,-0.179845,940GZZLUSWC,Swiss Cottage Underground Station,51.543681,-0.174894,jubilee,0.4893212396245675
940GZZLUSWC,Swiss Cottage Underground Station,51.543681,-0.174894,940GZZLUSJW,St. John's Wood Underground Station,51.534521,-0.173948,jubilee,1.02064469936897
940GZZLUSJW,St. John's Wood Underground Station,51.534521,-0.173948,940GZZLUBST,Baker Street Underground Station,51.522883,-0.15713,jubilee,1.7401718499720864
940GZZLUBST,Baker Street Underground Station,51.522883,-0.15713,940GZZLUBND,Bond Street Underground Station,51.514304,-0.149723,jubilee,1.0828975894025605
940GZZLUBND,Bond Street Underground Station,51.514304,-0.149723,940GZZLUGPK,Green Park Underground Station,51.506947,-0.142787,jubilee,0.9484856899625901
940GZZLUGPK,Green Park Underground Station,51.506947,-0.142787,940GZZLUWSM,Westminster Underground Station,51.50132,-0.124861,jubilee,1.3895728205662512
940GZZLUWSM,Westminster Underground Station,51.50132,-0.124861,940GZZLUWLO,Waterloo Underground Station,51.503299,-0.11478,jubilee,0.7316527230846367
940GZZLUWLO,Waterloo Underground Station,51.503299,-0.11478,940GZZLUSWK,Southwark Underground Station,51.50427,-0.105331,jubilee,0.6628623762048285
940GZZLUSWK,Southwark Underground Station,51.50427,-0.105331,940GZZLULNB,London Bridge Underground Station,51.505721,-0.088873,jubilee,1.1504753004054964
940GZZLULNB,London Bridge Underground Station,51.505721,-0.088873,940GZZLUBMY,Bermondsey Underground Station,51.49775,-0.063993,jubilee,1.9368413412514636
940GZZLUBMY,Bermondsey Underground Station,51.49775,-0.063993,940GZZLUCWR,Canada Water Underground Station,51.497931,-0.049405,jubilee,1.0100365926505404
940GZZLUCWR,Canada Water Underground Station,51.497931,-0.049405,940GZZLUCYF,Canary Wharf Underground Station,51.503488,-0.018246,jubilee,2.2435751573861413
940GZZLUCYF,Canary Wharf Underground Station,51.503488,-0.018246,940GZZLUNGW,North Greenwich Underground Station,51.50047,0.004287,jubilee,1.5953716844044743
940GZZLUNGW,North Greenwich Underground Station,51.50047,0.004287,940GZZLUCGT,Canning Town Underground Station,51.513584,0.008322,jubilee,1.4847101347850606
940GZZLUCGT,Canning Town Underground Station,51.513584,0.008322,940GZZLUWHM,West Ham Underground Station,51.528136,0.005055,jubilee,1.6338204675180599
940GZZLUWHM,West Ham Underground Station,51.528136,0.005055,940GZZLUSTD,Stratford Underground Station,51.541806,-0.003458,jubilee,1.630096982544122
940GZZLUAMS,Amersham Underground Station,51.674126,-0.607714,940GZZLUCAL,Chalfont & Latimer Underground Station,51.667985,-0.560689,metropolitan,3.313974589258554
940GZZLUCAL,Chalfont & Latimer Underground Station,51.667985,-0.560689,940GZZLUCYD,Chorleywood Underground Station,51.654358,-0.518461,metropolitan,3.2832567472423673
940GZZLUCYD,Chorleywood Underground Station,51.654358,-0.518461,940GZZLURKW,Rickmansworth Underground Station,51.640207,-0.473703,metropolitan,3.4659222285047186
940GZZLURKW,Rickmansworth Underground Station,51.640207,-0.473703,940GZZLUMPK,Moor Park Underground Station,51.629845,-0.432454,metropolitan,3.0711371997018873
940GZZLUMPK,Moor Park Underground Station,51.629845,-0.432454,940GZZLUNOW,Northwood Underground Station,51.611053,-0.423829,metropolitan,2.172758957429014
940GZZLUNOW,Northwood Underground Station,51.611053,-0.423829,940GZZLUNWH,Northwood Hills Underground Station,51.600572,-0.409464,metropolitan,1.5304846531094816
940GZZLUNWH,Northwood Hills Underground Station,51.600572,-0.409464,940GZZLUPNR,Pinner Underground Station,51.592901,-0.381161,metropolitan,2.132964517245971
940GZZLUPNR,Pinner Underground Station,51.592901,-0.381161,940GZZLUNHA,North Harrow Underground Station,51.584872,-0.362408,metropolitan,1.573383106421309
940GZZLUNHA,North Harrow Underground Station,51.584872,-0.362408,940GZZLUHOH,Harrow-on-the-Hill Underground Station,51.579195,-0.337225,metropolitan,1.8510048626776008
940GZZLUHOH,Harrow-on-the-Hill Underground Station,51.579195,-0.337225,940GZZLUNKP,Northwick Park Underground Station,51.578481,-0.318056,metropolitan,1.3269678026326435
940GZZLUNKP,Northwick Park Underground Station,51.578481,-0.318056,940GZZLUPRD,Preston Road Underground Station,51.571972,-0.295107,metropolitan,1.743265012767728
940GZZLUPRD,Preston Road Underground Station,51.571972,-0.295107,940GZZLUWYP,Wembley Park Underground Station,51.563198,-0.279262,metropolitan,1.4667114410277466
940GZZLUFYR,Finchley Road Underground Station,51.546825,-0.179845,940GZZLUBST,Baker Street Underground Station,51.522883,-0.15713,metropolitan,3.091269030323961
940GZZLUBST,Baker Street Underground Station,51.522883,-0.15713,940GZZLUGPS,Great Portland Street Underground Station,51.52384,-0.144262,metropolitan,0.8966095509134202
940GZZLUGPS,Great Portland Street Underground Station,51.52384,-0.144262,940GZZLUESQ,Euston Square Underground Station,51.525604,-0.135829,metropolitan,0.6155097999323507
940GZZLUESQ,Euston Square Underground Station,51.525604,-0.135829,940GZZLUKSX,King's Cross St. Pancras Underground Station,51.530663,-0.123194,metropolitan,1.0394362725275685
940GZZLUKSX,King's Cross St. Pancras Underground Station,51.530663,-0.123194,940GZZLUFCN,Farringdon Underground Station,51.520252,-0.104913,metropolitan,1.7145413120304283
940GZZLUFCN,Farringdon Underground Station,51.520252,-0.104913,940GZZLUBBN,Barbican Underground Station,51.520275,-0.097993,metropolitan,0.47879947386404725
940GZZLUBBN,Barbican Underground Station,51.520275,-0.097993,940GZZLUMGT,Moorgate Underground Station,51.518176,-0.088322,metropolitan,0.7086852017576026
940GZZLUMGT,Moorgate Underground Station,51.518176,-0.088322,940GZZLULVT,Liverpool Street Underground Station,51.517372,-0.083182,metropolitan,0.3667186501476433
940GZZLULVT,Liverpool Street Underground Station,51.517372,-0.083182,940GZZLUALD,Aldgate Underground Station,51.514246,-0.075689,metropolitan,0.6242222419166865
940GZZLUWYP,Wembley Park Underground Station,51.563198,-0.279262,940GZZLUWIG,Willesden Green Underground Station,51.549146,-0.221537,metropolitan,4.285804787918909
940GZZLUWIG,Willesden Green Underground Station,51.549146,-0.221537,940GZZLUFYR,Finchley Road Underground Station,51.546825,-0.179845,metropolitan,2.894429223624437
940GZZLUWYP,Wembley Park Underground Station,51.563198,-0.279262,940GZZLUFYR,Finchley Road Underground Station,51.546825,-0.179845,metropolitan,7.110410046336086
940GZZLUCSM,Chesham Underground Station,51.705208,-0.611247,940GZZLUCAL,Chalfont & Latimer Underground Station,51.667985,-0.560689,metropolitan,5.410981139328276
940GZZLUUXB,Uxbridge Underground Station,51.546565,-0.477949,940GZZLUHGD,Hillingdon Underground Station,51.553715,-0.449828,metropolitan,2.100669251240205
940GZZLUHGD,Hillingdon Underground Station,51.553715,-0.449828,940GZZLUICK,Ickenham Underground Station,51.56177,-0.442225,metropolitan,1.0385115817904038
940GZZLUICK,Ickenham Underground Station,51.56177,-0.442225,940GZZLURSP,Ruislip Underground Station,51.571354,-0.421898,metropolitan,1.7634320580507163
940GZZLURSP,Ruislip Underground Station,51.571354,-0.421898,940GZZLURSM,Ruislip Manor Underground Station,51.573202,-0.412973,metropolitan,0.6501407457196565
940GZZLURSM,Ruislip Manor Underground Station,51.573202,-0.412973,940GZZLUEAE,Eastcote Underground Station,51.576506,-0.397373,metropolitan,1.1389458992067072
940GZZLUEAE,Eastcote Underground Station,51.576506,-0.397373,940GZZLURYL,Rayners Lane Underground Station,51.575147,-0.371127,metropolitan,1.8200204117169858
940GZZLURYL,Rayners Lane Underground Station,51.575147,-0.371127,940GZZLUWHW,West Harrow Underground Station,51.57971,-0.3534,metropolitan,1.3259058327221447
940GZZLUWHW,West Harrow Underground Station,51.57971,-0.3534,940GZZLUHOH,Harrow-on-the-Hill Underground Station,51.579195,-0.337225,metropolitan,1.1191541600212167
940GZZLUWAF,Watford Underground Station,51.657446,-0.417377,940GZZLUCXY,Croxley Underground Station,51.647044,-0.441718,metropolitan,2.0390576257263087
940GZZLUCXY,Croxley Underground Station,51.647044,-0.441718,940GZZLUMPK,Moor Park Underground Station,51.629845,-0.432454,metropolitan,2.0164692203446966
940GZZLUMDN,Morden Underground Station,51.402142,-0.194839,940GZZLUSWN,South Wimbledon Underground Station,51.415309,-0.192005,northern,1.477239497503632
940GZZLUSWN,South Wimbledon Underground Station,51.415309,-0.192005,940GZZLUCSD,Colliers Wood Underground Station,51.41816,-0.178086,northern,1.015965486946572
940GZZLUCSD,Colliers Wood Underground Station,51.41816,-0.178086,940GZZLUTBY,Tooting Broadway Underground Station,51.42763,-0.168374,northern,1.249927265111884
940GZZLUTBY,Tooting Broadway Underground Station,51.42763,-0.168374,940GZZLUTBC,Tooting Bec Underground Station,51.435678,-0.159736,northern,1.076767756757424
940GZZLUTBC,Tooting Bec Underground Station,51.435678,-0.159736,940GZZLUBLM,Balham Underground Station,51.443288,-0.152997,northern,0.966551513900382
940GZZLUBLM,Balham Underground Station,51.443288,-0.152997,940GZZLUCPS,Clapham South Underground Station,51.452654,-0.147582,northern,1.106995536716078
940GZZLUCPS,Clapham South Underground Station,51.452654,-0.147582,940GZZLUCPC,Clapham Common Underground Station,51.461742,-0.138317,northern,1.1971900004257836
940GZZLUCPC,Clapham Common Underground Station,51.461742,-0.138317,940GZZLUCPN,Clapham North Underground Station,51.465135,-0.130016,northern,0.6877771885433375
940GZZLUCPN,Clapham North Underground Station,51.465135,-0.130016,940GZZLUSKW,Stockwell Underground Station,51.472184,-0.122644,northern,0.9354786525885213
940GZZLUSKW,Stockwell Underground Station,51.472184,-0.122644,940GZZLUOVL,Oval Underground Station,51.48185,-0.112439,northern,1.2863568458001369
940GZZLUOVL,Oval Underground Station,51.48185,-0.112439,940GZZLUKNG,Kennington Underground Station,51.488337,-0.105963,northern,0.8493431094924017
940GZZLUKNG,Kennington Underground Station,51.488337,-0.105963,940GZZLUWLO,Waterloo Underground Station,51.503299,-0.11478,northern,1.7721308398362752
940GZZLUWLO,Waterloo Underground Station,51.503299,-0.11478,940GZZLUEMB,Embankment Underground Station,51.507058,-0.122666,northern,0.687472130074269
940GZZLUEMB,Embankment Underground Station,51.507058,-0.122666,940GZZLUCHX,Charing Cross Underground Station,51.50741,-0.127277,northern,0.321516254857118
940GZZLUCHX,Charing Cross Underground Station,51.50741,-0.127277,940GZZLULSQ,Leicester Square Underground Station,51.511386,-0.128426,northern,0.44920514308297993
940GZZLULSQ,Leicester Square Underground Station,51.511386,-0.128426,940GZZLUTCR,Tottenham Court Road Underground Station,51.516426,-0.13041,northern,0.5769941570486717
940GZZLUTCR,Tottenham Court Road Underground Station,51.516426,-0.13041,940GZZLUGDG,Goodge Street Underground Station,51.520599,-0.134361,northern,0.5385604022325169
940GZZLUGDG,Goodge Street Underground Station,51.520599,-0.134361,940GZZLUWRR,Warren Street Underground Station,51.524951,-0.138321,northern,0.5560950960809754
940GZZLUWRR,Warren Street Underground Station,51.524951,-0.138321,940GZZLUEUS,Euston Underground Station,51.527824,-0.131846,northern,0.5501904608690598
940GZZLUEUS,Euston Underground Station,51.527824,-0.131846,940GZZLUMTC,Mornington Crescent Underground Station,51.534679,-0.138789,northern,0.9009268126427701
940GZZLUMTC,Mornington Crescent Underground Station,51.534679,-0.138789,940GZZLUCTN,Camden Town Underground Station,51.539292,-0.14274,northern,0.5811928563548028
940GZZLUCTN,Camden Town Underground Station,51.539292,-0.14274,940GZZLUKSH,Kentish Town Underground Station,51.550312,-0.140733,northern,1.2332028666303967
940GZZLUKSH,Kentish Town Underground Station,51.550312,-0.140733,940GZZLUTFP,Tufnell Park Underground Station,51.556822,-0.138433,northern,0.7411397239468491
940GZZLUTFP,Tufnell Park Underground Station,51.556822,-0.138433,940GZZLUACY,Archway Underground Station,51.565478,-0.134819,northern,0.9943973516958788
940GZZLUACY,Archway Underground Station,51.565478,-0.134819,940GZZLUHGT,Highgate Underground Station,51.577532,-0.145857,northern,1.5422291109133832
940GZZLUHGT,Highgate Underground Station,51.577532,-0.145857,940GZZLUEFY,East Finchley Underground Station,51.587131,-0.165012,northern,1.7002842645238312
940GZZLUEFY,East Finchley Underground Station,51.587131,-0.165012,940GZZLUFYC,Finchley Central Underground Station,51.600921,-0.192527,northern,2.4420875781751628
940GZZLUFYC,Finchley Central Underground Station,51.600921,-0.192527,940GZZLUWFN,West Finchley Underground Station,51.609426,-0.188362,northern,0.9884877846791795
940GZZLUWFN,West Finchley Underground Station,51.609426,-0.188362,940GZZLUWOP,Woodside Park Underground Station,51.618014,-0.18542,northern,0.9763090486472327
940GZZLUWOP,Woodside Park Underground Station,51.618014,-0.18542,940GZZLUTAW,Totteridge & Whetstone Underground Station,51.630597,-0.17921,northern,1.46336469416794
940GZZLUTAW,Totteridge & Whetstone Underground Station,51.630597,-0.17921,940GZZLUHBT,High Barnet Underground Station,51.650541,-0.194298,northern,2.4499205467383525
940GZZLUKNG,Kennington Underground Station,51.488337,-0.105963,940GZZLUEAC,Elephant & Castle Underground Station,51.494536,-0.100606,northern,0.7827423421489718
940GZZLUEAC,Elephant & Castle Underground Station,51.494536,-0.100606,940GZZLUBOR,Borough Underground Station,51.501199,-0.09337,northern,0.8943289212351058
940GZZLUBOR,Borough Underground Station,51.501199,-0.09337,940GZZLULNB,London Bridge Underground Station,51.505721,-0.088873,northern,0.5913668291411308
940GZZLULNB,London Bridge Underground Station,51.505721,-0.088873,940GZZLUBNK,Bank Underground Station,51.513335,-0.088712,northern,0.8467114864249053
940GZZLUBNK,Bank Underground Station,51.513335,-0.088712,940GZZLUMGT,Moorgate Underground Station,51.518176,-0.088322,northern,0.538970684336442
940GZZLUMGT,Moorgate Underground Station,51.518176,-0.088322,940GZZLUODS,Old Street Underground Station,51.525864,-0.08777,northern,0.8557192690619092
940GZZLUODS,Old Street Underground Station,51.525864,-0.08777,940GZZLUAGL,Angel Underground Station,51.531788,-0.105919,northern,1.4178008861935054
940GZZLUAGL,Angel Underground Station,51.531788,-0.105919,940GZZLUKSX,King's Cross St. Pancras Underground Station,51.530663,-0.123194,northern,1.201494023339257
940GZZLUKSX,King's Cross St. Pancras Underground Station,51.530663,-0.123194,940GZZLUEUS,Euston Underground Station,51.527824,-0.131846,northern,0.6766616272939496
940GZZLUEUS,Euston Underground Station,51.527824,-0.131846,940GZZLUCTN,Camden Town Underground Station,51.539292,-0.14274,northern,1.4811832551055009
940GZZLUCTN,Camden Town Underground Station,51.539292,-0.14274,940GZZLUCFM,Chalk Farm Underground Station,51.544118,-0.153388,northern,0.911170093269988
940GZZLUCFM,Chalk Farm Underground Station,51.544118,-0.153388,940GZZLUBZP,Belsize Park Underground Station,51.550311,-0.164648,northern,1.0394481554272978
940GZZLUBZP,Belsize Park Underground Station,51.550311,-0.164648,940GZZLUHTD,Hampstead Underground Station,51.556239,-0.177464,northern,1.104380293193224
940GZZLUHTD,Hampstead Underground Station,51.556239,-0.177464,940GZZLUGGN,Golders Green Underground Station,51.572259,-0.194039,northern,2.1179791852081133
940GZZLUGGN,Golders Green Underground Station,51.572259,-0.194039,940GZZLUBTX,Brent Cross Underground Station,51.57665,-0.213622,northern,1.4387124977934658
940GZZLUBTX,Brent Cross Underground Station,51.57665,-0.213622,940GZZLUHCL,Hendon Central Underground Station,51.583301,-0.226424,northern,1.1530266382003926
940GZZLUHCL,Hendon Central Underground Station,51.583301,-0.226424,940GZZLUCND,Colindale Underground Station,51.595424,-0.249919,northern,2.1099156395668808
940GZZLUCND,Colindale Underground Station,51.595424,-0.249919,940GZZLUBTK,Burnt Oak Underground Station,51.602774,-0.264048,northern,1.2729133097131553
940GZZLUBTK,Burnt Oak Underground Station,51.602774,-0.264048,940GZZLUEGW,Edgware Underground Station,51.613653,-0.274928,northern,1.4240240313083448
940GZZLUFYC,Finchley Central Underground Station,51.600921,-0.192527,940GZZLUMHL,Mill Hill East Underground Station,51.608229,-0.209986,northern,1.4540152788731426
940GZZBPSUST,Battersea Power Station Underground Station,51.479932,-0.142142,940GZZNEUGST,Nine Elms Underground Station,51.479912,-0.128476,northern,0.9463862309649114
940GZZNEUGST,Nine Elms Underground Station,51.479912,-0.128476,940GZZLUKNG,Kennington Underground Station,51.488337,-0.105963,northern,1.8187373971807912
940GZZLUUXB,Uxbridge Underground Station,51.546565,-0.477949,940GZZLUHGD,Hillingdon Underground Station,51.553715,-0.449828,piccadilly,2.100669251240205
940GZZLUHGD,Hillingdon Underground Station,51.553715,-0.449828,940GZZLUICK,Ickenham Underground Station,51.56177,-0.442225,piccadilly,1.0385115817904038
940GZZLUICK,Ickenham Underground Station,51.56177,-0.442225,940GZZLURSP,Ruislip Underground Station,51.571354,-0.421898,piccadilly,1.7634320580507163
940GZZLURSP,Ruislip Underground Station,51.571354,-0.421898,940GZZLURSM,Ruislip Manor Underground Station,51.573202,-0.412973,piccadilly,0.6501407457196565
940GZZLURSM,Ruislip Manor Underground Station,51.573202,-0.412973,940GZZLUEAE,Eastcote Underground Station,51.576506,-0.397373,piccadilly,1.1389458992067072
940GZZLUEAE,Eastcote Underground Station,51.576506,-0.397373,940GZZLURYL,Rayners Lane Underground Station,51.575147,-0.371127,piccadilly,1.8200204117169858
940GZZLURYL,Rayners Lane Underground Station,51.575147,-0.371127,940GZZLUSHH,South Harrow Underground Station,51.564888,-0.352492,piccadilly,1.7204938499749916
940GZZLUSHH,South Harrow Underground Station,51.564888,-0.352492,940GZZLUSUH,Sudbury Hill Underground Station,51.556946,-0.336435,piccadilly,1.4184337103526314
940GZZLUSUH,Sudbury Hill Underground Station,51.556946,-0.336435,940GZZLUSUT,Sudbury Town Underground Station,51.550815,-0.315745,piccadilly,1.5846231637714814
940GZZLUSUT,Sudbury Town Underground Station,51.550815,-0.315745,940GZZLUALP,Alperton Underground Station,51.540627,-0.29961,piccadilly,1.590050095788334
940GZZLUALP,Alperton Underground Station,51.540627,-0.29961,940GZZLUPKR,Park Royal Underground Station,51.527123,-0.284341,piccadilly,1.8358012791584206
940GZZLUPKR,Park Royal Underground Station,51.527123,-0.284341,940GZZLUNEN,North Ealing Underground Station,51.517505,-0.288868,piccadilly,1.114392699725534
940GZZLUNEN,North Ealing Underground Station,51.517505,-0.288868,940GZZLUECM,Ealing Common Underground Station,51.51014,-0.288265,piccadilly,0.8200129927176901
940GZZLUECM,Ealing Common Underground Station,51.51014,-0.288265,940GZZLUACT,Acton Town Underground Station,51.503057,-0.280462,piccadilly,0.9549643076089174
940GZZLUACT,Acton Town Underground Station,51.503057,-0.280462,940GZZLUTNG,Turnham Green Underground Station,51.495148,-0.254555,piccadilly,1.997360352542521
940GZZLUTNG,Turnham Green Underground Station,51.495148,-0.254555,940GZZLUHSD,Hammersmith (Dist&Picc Line) Underground Station,51.4923,-0.22362,piccadilly,2.1649174479807534
940GZZLUHSD,Hammersmith (Dist&Picc Line) Underground Station,51.4923,-0.22362,940GZZLUBSC,Barons Court Underground Station,51.490311,-0.213427,piccadilly,0.7395441588636787
940GZZLUBSC,Barons Court Underground Station,51.490311,-0.213427,940GZZLUECT,Earl's Court Underground Station,51.492063,-0.193378,piccadilly,1.4016737605567289
940GZZLUECT,Earl's Court Underground Station,51.492063,-0.193378,940GZZLUGTR,Gloucester Road Underground Station,51.494316,-0.182658,piccadilly,0.7832971216365525
940GZZLUGTR,Gloucester Road Underground Station,51.494316,-0.182658,940GZZLUSKS,South Kensington Underground Station,51.494094,-0.174138,piccadilly,0.5903497139215862
940GZZLUSKS,South Kensington Underground Station,51.494094,-0.174138,940GZZLUKNB,Knightsbridge Underground Station,51.501669,-0.160508,piccadilly,1.2647923740398468
940GZZLUKNB,Knightsbridge Underground Station,51.501669,-0.160508,940GZZLUHPC,Hyde Park Corner Underground Station,51.503035,-0.152441,piccadilly,0.5786634104917159
940GZZLUHPC,Hyde Park Corner Underground Station,51.503035,-0.152441,940GZZLUGPK,Green Park Underground Station,51.506947,-0.142787,piccadilly,0.7972994492360563
940GZZLUGPK,Green Park Underground Station,51.506947,-0.142787,940GZZLUPCC,Piccadilly Circus Underground Station,51.51005,-0.133798,piccadilly,0.7113845295372424
940GZZLUPCC,Piccadilly Circus Underground Station,51.51005,-0.133798,940GZZLULSQ,Leicester Square Underground Station,51.511386,-0.128426,piccadilly,0.4003475432878669
940GZZLULSQ,Leicester Square Underground Station,51.511386,-0.128426,940GZZLUCGN,Covent Garden Underground Station,51.513093,-0.124436,piccadilly,0.3350634316339161
940GZZLUCGN,Covent Garden Underground Station,51.513093,-0.124436,940GZZLUHBN,Holborn Underground Station,51.51758,-0.120475,piccadilly,0.5692610186703773
940GZZLUHBN,Holborn Underground Station,51.51758,-0.120475,940GZZLURSQ,Russell Square Underground Station,51.523073,-0.124285,piccadilly,0.66525217239091
940GZZLURSQ,Russell Square Underground Station,51.523073,-0.124285,940GZZLUKSX,King's Cross St. Pancras Underground Station,51.530663,-0.123194,piccadilly,0.8473375841256728
940GZZLUKSX,King's Cross St. Pancras Underground Station,51.530663,-0.123194,940GZZLUCAR,Caledonian Road Underground Station,51.548519,-0.118493,piccadilly,2.011939744244626
940GZZLUCAR,Caledonian Road Underground Station,51.548519,-0.118493,940GZZLUHWY,Holloway Road Underground Station,51.552697,-0.113244,piccadilly,0.5895329259091088
940GZZLUHWY,Holloway Road Underground Station,51.552697,-0.113244,940GZZLUASL,Arsenal Underground Station,51.558655,-0.107457,piccadilly,0.7739359612622798
940GZZLUASL,Arsenal Underground Station,51.558655,-0.107457,940GZZLUFPK,Finsbury Park Underground Station,51.564158,-0.106825,piccadilly,0.6134633129233977
940GZZLUFPK,Finsbury Park Underground Station,51.564158,-0.106825,940GZZLUMRH,Manor House Underground Station,51.570738,-0.096118,piccadilly,1.0406721751129302
940GZZLUMRH,Manor House Underground Station,51.570738,-0.096118,940GZZLUTPN,Turnpike Lane Underground Station,51.590272,-0.102953,piccadilly,2.2228343787680864
940GZZLUTPN,Turnpike Lane Underground Station,51.590272,-0.102953,940GZZLUWOG,Wood Green Underground Station,51.597479,-0.109886,piccadilly,0.9335811308225113
940GZZLUWOG,Wood Green Underground Station,51.597479,-0.109886,940GZZLUBDS,Bounds Green Underground Station,51.607034,-0.124235,piccadilly,1.452909757920127
940GZZLUBDS,Bounds Green Underground Station,51.607034,-0.124235,940GZZLUASG,Arnos Grove Underground Station,51.616446,-0.133062,piccadilly,1.2111168488494752
940GZZLUASG,Arnos Grove Underground Station,51.616446,-0.133062,940GZZLUSGT,Southgate Underground Station,51.632315,-0.127816,piccadilly,1.801329847034176
940GZZLUSGT,Southgate Underground Station,51.632315,-0.127816,940GZZLUOAK,Oakwood Underground Station,51.647726,-0.132182,piccadilly,1.739909378213289
940GZZLUOAK,Oakwood Underground Station,51.647726,-0.132182,940GZZLUCKS,Cockfosters Underground Station,51.65152,-0.149171,piccadilly,1.2457314196317826
940GZZLUHR4,Heathrow Terminal 4 Underground Station,51.458524,-0.445771,940GZZLUHRC,Heathrow Terminals 2 & 3 Underground Station,51.471235,-0.452265,piccadilly,1.4832644992666781
940GZZLUHRC,Heathrow Terminals 2 & 3 Underground Station,51.471235,-0.452265,940GZZLUHNX,Hatton Cross Underground Station,51.466747,-0.423191,piccadilly,2.0747954613363966
940GZZLUHNX,Hatton Cross Underground Station,51.466747,-0.423191,940GZZLUHWT,Hounslow West Underground Station,51.473469,-0.386544,piccadilly,2.646145914405318
940GZZLUHWT,Hounslow West Underground Station,51.473469,-0.386544,940GZZLUHWC,Hounslow Central Underground Station,51.471295,-0.366578,piccadilly,1.4038628321049778
940GZZLUHWC,Hounslow Central Underground Station,51.471295,-0.366578,940GZZLUHWE,Hounslow East Underground Station,51.473213,-0.356474,piccadilly,0.7316050762801721
940GZZLUHWE,Hounslow East Underground Station,51.473213,-0.356474,940GZZLUOSY,Osterley Underground Station,51.481274,-0.352224,piccadilly,0.9434309451948409
940GZZLUOSY,Osterley Underground Station,51.481274,-0.352224,940GZZLUBOS,Boston Manor Underground Station,51.495635,-0.324939,piccadilly,2.4736443126117544
940GZZLUBOS,Boston Manor Underground Station,51.495635,-0.324939,940GZZLUNFD,Northfields Underground Station,51.499319,-0.314719,piccadilly,0.8175107308669239
940GZZLUNFD,Northfields Underground Station,51.499319,-0.314719,940GZZLUSEA,South Ealing Underground Station,51.501003,-0.307424,piccadilly,0.5385624979694577
940GZZLUSEA,South Ealing Underground Station,51.501003,-0.307424,940GZZLUACT,Acton Town Underground Station,51.503057,-0.280462,piccadilly,1.8801629101953288
940GZZLUHR5,Heathrow Terminal 5 Underground Station,51.470052,-0.49056,940GZZLUHRC,Heathrow Terminals 2 & 3 Underground Station,51.471235,-0.452265,piccadilly,2.6557647316196356
940GZZLUHNX,Hatton Cross Underground Station,51.466747,-0.423191,940GZZLUHR4,Heathrow Terminal 4 Underground Station,51.458524,-0.445771,piccadilly,1.8119095736494035
940GZZLUBXN,Brixton Underground Station,51.462618,-0.114888,940GZZLUSKW,Stockwell Underground Station,51.472184,-0.122644,victoria,1.191672720550592
940GZZLUSKW,Stockwell Underground Station,51.472184,-0.122644,940GZZLUVXL,Vauxhall Underground Station,51.485743,-0.124204,victoria,1.5115576379540647
940GZZLUVXL,Vauxhall Underground Station,51.485743,-0.124204,940GZZLUPCO,Pimlico Underground Station,51.489097,-0.133761,victoria,0.7595833495692303
940GZZLUPCO,Pimlico Underground Station,51.489097,-0.133761,940GZZLUVIC,Victoria Underground Station,51.496359,-0.143102,victoria,1.0345348166639887
940GZZLUVIC,Victoria Underground Station,51.496359,-0.143102,940GZZLUGPK,Green Park Underground Station,51.506947,-0.142787,victoria,1.177533762961628
940GZZLUGPK,Green Park Underground Station,51.506947,-0.142787,940GZZLUOXC,Oxford Circus Underground Station,51.515224,-0.141903,victoria,0.9223913401974967
940GZZLUOXC,Oxford Circus Underground Station,51.515224,-0.141903,940GZZLUWRR,Warren Street Underground Station,51.524951,-0.138321,victoria,1.1096248966879194
940GZZLUWRR,Warren Street Underground Station,51.524951,-0.138321,940GZZLUEUS,Euston Underground Station,51.527824,-0.131846,victoria,0.5501904608690598
940GZZLUEUS,Euston Underground Station,51.527824,-0.131846,940GZZLUKSX,King's Cross St. Pancras Underground Station,51.530663,-0.123194,victoria,0.6766616272939496
940GZZLUKSX,King's Cross St. Pancras Underground Station,51.530663,-0.123194,940GZZLUHAI,Highbury & Islington Underground Station,51.54635,-0.103324,victoria,2.2206288660056015
940GZZLUHAI,Highbury & Islington Underground Station,51.54635,-0.103324,940GZZLUFPK,Finsbury Park Underground Station,51.564158,-0.106825,victoria,1.9948978394876977
940GZZLUFPK,Finsbury Park Underground Station,51.564158,-0.106825,940GZZLUSVS,Seven Sisters Underground Station,51.58333,-0.072584,victoria,3.1850062458147526
940GZZLUSVS,Seven Sisters Underground Station,51.58333,-0.072584,940GZZLUTMH,Tottenham Hale Underground Station,51.588108,-0.060241,victoria,1.0047401092211716
940GZZLUTMH,Tottenham Hale Underground Station,51.588108,-0.060241,940GZZLUBLR,Blackhorse Road Underground Station,51.586919,-0.04115,victoria,1.325558718235624
940GZZLUBLR,Blackhorse Road Underground Station,51.586919,-0.04115,940GZZLUWWL,Walthamstow Central Underground Station,51.582965,-0.019885,victoria,1.5336025087502456
940GZZLUWLO,Waterloo Underground Station,51.503299,-0.11478,940GZZLUBNK,Bank Underground Station,51.513335,-0.088712,waterloo-city,2.121358501485215
910GSHENFLD,Shenfield Rail Station,51.630877,0.329851,910GBRTWOOD,Brentwood Rail Station,51.613605,0.299586,elizabeth,2.837932512569573
910GBRTWOOD,Brentwood Rail Station,51.613605,0.299586,910GHRLDWOD,Harold Wood Rail Station,51.592766,0.233129,elizabeth,5.14152583883969
910GHRLDWOD,Harold Wood Rail Station,51.592766,0.233129,910GGIDEAPK,Gidea Park Rail Station,51.581904,0.205964,elizabeth,2.231824175579921
910GGIDEAPK,Gidea Park Rail Station,51.581904,0.205964,910GROMFORD,Romford Rail Station,51.574829,0.183237,elizabeth,1.7564936960156088
910GROMFORD,Romford Rail Station,51.574829,0.183237,910GCHDWLHT,Chadwell Heath Rail Station,51.568039,0.128958,elizabeth,3.8265507722967373
910GCHDWLHT,Chadwell Heath Rail Station,51.568039,0.128958,910GGODMAYS,Goodmayes Rail Station,51.565579,0.110807,elizabeth,1.284052193057345
910GGODMAYS,Goodmayes Rail Station,51.565579,0.110807,910GSVNKNGS,Seven Kings Rail Station,51.564026,0.0971,elizabeth,0.9630637867091005
910GSVNKNGS,Seven Kings Rail Station,51.564026,0.0971,910GILFORD,Ilford Rail Station,51.559118,0.06968,elizabeth,1.9724618154073312
910GILFORD,Ilford Rail Station,51.559118,0.06968,910GMANRPK,Manor Park Rail Station,51.552477,0.046342,elizabeth,1.7744429068183356
910GMANRPK,Manor Park Rail Station,51.552477,0.046342,910GFRSTGT,Forest Gate Rail Station,51.549432,0.024353,elizabeth,1.5576320031768436
910GFRSTGT,Forest Gate Rail Station,51.549432,0.024353,910GMRYLAND,Maryland Rail Station,51.546081,0.005815,elizabeth,1.3349219499803742
910GMRYLAND,Maryland Rail Station,51.546081,0.005815,910GSTFD,Stratford (London) Rail Station,51.541895,-0.003397,elizabeth,0.7889734042487205
910GSTFD,Stratford (London) Rail Station,51.541895,-0.003397,910GWCHAPXR,Whitechapel,51.519632,-0.059837,elizabeth,4.622852924632527
910GWCHAPXR,Whitechapel,51.519632,-0.059837,910GLIVSTLL,Liverpool Street,51.517721,-0.082043,elizabeth,1.5511039686764205
910GLIVSTLL,Liverpool Street,51.517721,-0.082043,910GFRNDXR,Farringdon,51.520189,-0.104915,elizabeth,1.6061700390906384
910GFRNDXR,Farringdon,51.520189,-0.104915,910GTOTCTRD,Tottenham Court Road,51.515698,-0.13044,elizabeth,1.8353981775278534
910GTOTCTRD,Tottenham Court Road,51.515698,-0.13044,910GBONDST,Bond Street,51.513895,-0.147246,elizabeth,1.180096141946105
910GBONDST,Bond Street,51.513895,-0.147246,910GPADTLL,Paddington,51.516451,-0.177107,elizabeth,2.085759039567521
910GPADTLL,Paddington,51.516451,-0.177107,910GACTONML,Acton Main Line Rail Station,51.51718,-0.266756,elizabeth,6.203785200570017
910GACTONML,Acton Main Line Rail Station,51.51718,-0.266756,910GEALINGB,Ealing Broadway Rail Station,51.514841,-0.301752,elizabeth,2.4355152797740205
910GEALINGB,Ealing Broadway Rail Station,51.514841,-0.301752,910GWEALING,West Ealing Rail Station,51.513506,-0.320133,elizabeth,1.2805787331348786
910GWEALING,West Ealing Rail Station,51.513506,-0.320133,910GHANWELL,Hanwell Rail Station,51.511835,-0.338583,elizabeth,1.2902119186851997
910GHANWELL,Hanwell Rail Station,51.511835,-0.338583,910GSTHALL,Southall Rail Station,51.505957,-0.37861,elizabeth,2.8462099990005254
910GSTHALL,Southall Rail Station,51.505957,-0.37861,910GHAYESAH,Hayes & Harlington Rail Station,51.503096,-0.420683,elizabeth,2.929349204887168
910GHAYESAH,Hayes & Harlington Rail Station,51.503096,-0.420683,910GHTRWAPT,Heathrow Terminals 2 & 3 Rail Station,51.47098,-0.45803,elizabeth,4.409076344042372
910GHTRWAPT,Heathrow Terminals 2 & 3 Rail Station,51.47098,-0.45803,910GHTRWTM4,Heathrow Terminal 4 Rail Station,51.458268,-0.445463,elizabeth,1.6600903867356347
910GHTRWAPT,Heathrow Terminals 2 & 3 Rail Station,51.47098,-0.45803,910GHTRWTM5,Heathrow Terminal 5 Rail Station,51.470053,-0.490589,elizabeth,2.257561375400274
910GHAYESAH,Hayes & Harlington Rail Station,51.503096,-0.420683,910GWDRYTON,West Drayton Rail Station,51.510055,-0.472234,elizabeth,3.6508173696989576
910GWDRYTON,West Drayton Rail Station,51.510055,-0.472234,910GIVER,Iver Rail Station,51.508503,-0.506726,elizabeth,2.3932963389321245
910GIVER,Iver Rail Station,51.508503,-0.506726,910GLANGLEY,Langley (Berks) Rail Station,51.508062,-0.541756,elizabeth,2.424848208755562
910GLANGLEY,Langley (Berks) Rail Station,51.508062,-0.541756,910GSLOUGH,Slough Rail Station,51.51188,-0.59151,elizabeth,3.4693153516248376
910GSLOUGH,Slough Rail Station,51.51188,-0.59151,910GBNHAM,Burnham (Berks) Rail Station,51.523506,-0.646374,elizabeth,4.010314837888024
910GBNHAM,Burnham (Berks) Rail Station,51.523506,-0.646374,910GTAPLOW,Taplow Rail Station,51.523562,-0.68137,elizabeth,2.421196430486306
910GTAPLOW,Taplow Rail Station,51.523562,-0.68137,910GMDNHEAD,Maidenhead Rail Station,51.518669,-0.72266,elizabeth,2.9081371133301803
910GMDNHEAD,Maidenhead Rail Station,51.518669,-0.72266,910GTWYFORD,Twyford Rail Station,51.475534,-0.863293,elizabeth,10.852715105334012
910GTWYFORD,Twyford Rail Station,51.475534,-0.863293,910GRDNGSTN,Reading Rail Station,51.458786,-0.971863,elizabeth,7.747822576695074
910GABWDXR,Abbey Wood,51.491284,0.121087,910GWOLWXR,Woolwich,51.492168,0.070593,elizabeth,3.4972344919361933
910GWOLWXR,Woolwich,51.492168,0.070593,9100CSTMHSXR,Custom House Station,51.50986,0.026677,elizabeth,3.6208576653594986
9100CSTMHSXR,Custom House Station,51.50986,0.026677,910GCANWHRF,Canary Wharf,51.506203,-0.018834,elizabeth,3.175878224778684
910GCANWHRF,Canary Wharf,51.506203,-0.018834,910GWCHAPXR,Whitechapel,51.519632,-0.059837,elizabeth,3.206374056120658
910GSTFD,Stratford (London) Rail Station,51.541895,-0.003397,910GLIVSTLL,Liverpool Street,51.517721,-0.082043,elizabeth,6.068188069802977
940GZZDLTWG,Tower Gateway DLR Station,51.510617,-0.074818,940GZZDLSHA,Shadwell DLR Station,51.511693,-0.056643,dlr,1.2634519085850233
940GZZDLSHA,Shadwell DLR Station,51.511693,-0.056643,940GZZDLLIM,Limehouse DLR Station,51.512393,-0.039809,dlr,1.1675468765177122
940GZZDLLIM,Limehouse DLR Station,51.512393,-0.039809,940GZZDLWFE,Westferry DLR Station,51.509431,-0.02675,dlr,0.9618794745284349
940GZZDLWFE,Westferry DLR Station,51.509431,-0.02675,940GZZDLPOP,Poplar DLR Station,51.507744,-0.017384,dlr,0.674794392862672
940GZZDLPOP,Poplar DLR Station,51.507744,-0.017384,940GZZDLBLA,Blackwall DLR Station,51.507991,-0.006969,dlr,0.7213297958765917
940GZZDLBLA,Blackwall DLR Station,51.507991,-0.006969,940GZZDLEIN,East India DLR Station,51.509359,-0.002326,dlr,0.3555158108230738
940GZZDLEIN,East India DLR Station,51.509359,-0.002326,940GZZDLCGT,Canning Town DLR Station,51.514127,0.008101,dlr,0.8954104019542218
940GZZDLCGT,Canning Town DLR Station,51.514127,0.008101,940GZZDLRVC,Royal Victoria DLR Station,51.509336,0.018497,dlr,0.8952022481953594
940GZZDLRVC,Royal Victoria DLR Station,51.509336,0.018497,940GZZDLCUS,Custom House (for ExCel) DLR Station,51.509716,0.026699,dlr,0.5691981317305602
940GZZDLCUS,Custom House (for ExCel) DLR Station,51.509716,0.026699,940GZZDLPRE,Prince Regent DLR Station,51.509263,0.034158,dlr,0.5186597481938593
940GZZDLPRE,Prince Regent DLR Station,51.509263,0.034158,940GZZDLRAL,Royal Albert DLR Station,51.508357,0.045935,dlr,0.8212542997498885
940GZZDLRAL,Royal Albert DLR Station,51.508357,0.045935,940GZZDLBPK,Beckton Park DLR Station,51.508793,0.054932,dlr,0.6245439208076561
940GZZDLBPK,Beckton Park DLR Station,51.508793,0.054932,940GZZDLCYP,Cyprus DLR Station,51.508473,0.063925,dlr,0.6233980730091727
940GZZDLCYP,Cyprus DLR Station,51.508473,0.063925,940GZZDLGAL,Gallions Reach DLR Station,51.508941,0.071555,dlr,0.5306092985928546
940GZZDLGAL,Gallions Reach DLR Station,51.508941,0.071555,940GZZDLBEC,Beckton DLR Station,51.514362,0.061453,dlr,0.9230789754404105
940GZZDLWFE,Westferry DLR Station,51.509431,-0.02675,940GZZDLCAN,Canary Wharf DLR Station,51.504838,-0.020997,dlr,0.6475854907824381
940GZZDLCAN,Canary Wharf DLR Station,51.504838,-0.020997,940GZZDLHEQ,Heron Quays DLR Station,51.503379,-0.021421,dlr,0.1648663459691143
940GZZDLHEQ,Heron Quays DLR Station,51.503379,-0.021421,940GZZDLSOQ,South Quay DLR Station,51.50005,-0.015975,dlr,0.5283213948638051
940GZZDLSOQ,South Quay DLR Station,51.50005,-0.015975,940GZZDLCLA,Crossharbour DLR Station,51.495728,-0.014606,dlr,0.4898390144312122
940GZZDLCLA,Crossharbour DLR Station,51.495728,-0.014606,940GZZDLMUD,Mudchute DLR Station,51.490704,-0.014738,dlr,0.5587180513715109
940GZZDLMUD,Mudchute DLR Station,51.490704,-0.014738,940GZZDLISL,Island Gardens DLR Station,51.487811,-0.010139,dlr,0.45262981940226427
940GZZDLISL,Island Gardens DLR Station,51.487811,-0.010139,940GZZDLCUT,Cutty Sark (for Maritime Greenwich) DLR Station,51.481671,-0.01081,dlr,0.6843159856552369
940GZZDLCUT,Cutty Sark (for Maritime Greenwich) DLR Station,51.481671,-0.01081,940GZZDLGRE,Greenwich DLR Station,51.478087,-0.013673,dlr,0.4451174656975328
940GZZDLGRE,Greenwich DLR Station,51.478087,-0.013673,940GZZDLDEP,Deptford Bridge DLR Station,51.474215,-0.022438,dlr,0.744218931136825
940GZZDLDEP,Deptford Bridge DLR Station,51.474215,-0.022438,940GZZDLELV,Elverson Road DLR Station,51.469074,-0.016728,dlr,0.6951283183028625
940GZZDLELV,Elverson Road DLR Station,51.469074,-0.016728,940GZZDLLEW,Lewisham DLR Station,51.464665,-0.012874,dlr,0.5582347924003198
940GZZDLBNK,Bank DLR Station,51.513233,-0.088515,940GZZDLSHA,Shadwell DLR Station,51.511693,-0.056643,dlr,2.2122289036862646
940GZZDLCGT,Canning Town DLR Station,51.514127,0.008101,940GZZDLWSV,West Silvertown DLR Station,51.502838,0.02246,dlr,1.6010212808694417
940GZZDLWSV,West Silvertown DLR Station,51.502838,0.02246,940GZZDLPDK,Pontoon Dock DLR Station,51.502212,0.032115,dlr,0.6719019729079801
940GZZDLPDK,Pontoon Dock DLR Station,51.502212,0.032115,940GZZDLLCA,London City Airport DLR Station,51.503416,0.048739,dlr,1.1584122718366148
940GZZDLLCA,London City Airport DLR Station,51.503416,0.048739,940GZZDLKGV,King George V DLR Station,51.502003,0.062624,dlr,0.9738274830619242
940GZZDLKGV,King George V DLR Station,51.502003,0.062624,940GZZDLWLA,Woolwich Arsenal DLR Station,51.490009,0.069127,dlr,1.4076018763360287
940GZZDLSIT,Stratford International DLR Station,51.545265,-0.009638,940GZZDLSTD,Stratford DLR Station,51.541758,-0.003287,dlr,0.5873375124848655
940GZZDLSTD,Stratford DLR Station,51.541758,-0.003287,940GZZDLSHS,Stratford High Street DLR Station,51.538196,-0.001078,dlr,0.42451891417693527
940GZZDLSHS,Stratford High Street DLR Station,51.538196,-0.001078,940GZZDLABR,Abbey Road DLR Station,51.531926,0.003737,dlr,0.7726529959439864
940GZZDLABR,Abbey Road DLR Station,51.531926,0.003737,940GZZDLWHM,West Ham DLR Station,51.527894,0.004482,dlr,0.4512901611627004
940GZZDLWHM,West Ham DLR Station,51.527894,0.004482,940GZZDLSTL,Star Lane DLR Station,51.520786,0.004156,dlr,0.7906952670070376
940GZZDLSTL,Star Lane DLR Station,51.520786,0.004156,940GZZDLCGT,Canning Town DLR Station,51.514127,0.008101,dlr,0.7891606194354133
940GZZDLSTD,Stratford DLR Station,51.541758,-0.003287,940GZZDLPUD,Pudding Mill Lane DLR Station,51.534302,-0.012755,dlr,1.0564854318943435
940GZZDLPUD,Pudding Mill Lane DLR Station,51.534302,-0.012755,940GZZDLBOW,Bow Church DLR Station,51.527858,-0.020936,dlr,0.9130606597223214
940GZZDLBOW,Bow Church DLR Station,51.527858,-0.020936,940GZZDLDEV,Devons Road DLR Station,51.522667,-0.017615,dlr,0.6212579720626922
940GZZDLDEV,Devons Road DLR Station,51.522667,-0.017615,940GZZDLLDP,Langdon Park DLR Station,51.515172,-0.01415,dlr,0.8672054356284008
940GZZDLLDP,Langdon Park DLR Station,51.515172,-0.01415,940GZZDLALL,All Saints DLR Station,51.511,-0.013135,dlr,0.4691924202002474
940GZZDLALL,All Saints DLR Station,51.511,-0.013135,940GZZDLPOP,Poplar DLR Station,51.507744,-0.017384,dlr,0.4664229673146829
940GZZDLPOP,Poplar DLR Station,51.507744,-0.017384,940GZZDLWIQ,West India Quay DLR Station,51.50703,-0.020311,dlr,0.21757779923991896
940GZZDLWIQ,West India Quay DLR Station,51.50703,-0.020311,940GZZDLCAN,Canary Wharf DLR Station,51.504838,-0.020997,dlr,0.2483205534611812
940GZZDLWIQ,West India Quay DLR Station,51.50703,-0.020311,940GZZDLWFE,Westferry DLR Station,51.509431,-0.02675,dlr,0.5194843476497233
940GZZLUBNK,Bank Underground Station,51.513335,-0.088712,940GZZDLBNK,Bank DLR Station,51.513233,-0.088515,interchange,0.017733645827928853
940GZZLUBNK,Bank Underground Station,51.513335,-0.088712,940GZZLUMMT,Monument Underground Station,51.5107,-0.085969,interchange,0.3491138312048969
940GZZDLBNK,Bank DLR Station,51.513233,-0.088515,940GZZLUMMT,Monument Underground Station,51.5107,-0.085969,interchange,0.3322244742934176
940GZZLUCGT,Canning Town Underground Station,51.513584,0.008322,940GZZDLCGT,Canning Town DLR Station,51.514127,0.008101,interchange,0.062285495998904414
940GZZLUEBY,Ealing Broadway Underground Station,51.515017,-0.301457,910GEALINGB,Ealing Broadway Rail Station,51.514841,-0.301752,interchange,0.028278998012119118
940GZZLUHR5,Heathrow Terminal 5 Underground Station,51.470052,-0.49056,910GHTRWTM5,Heathrow Terminal 5 Rail Station,51.470053,-0.490589,interchange,0.002011787716104939
940GZZLUHRC,Heathrow Terminals 2 & 3 Underground Station,51.471235,-0.452265,910GHTRWAPT,Heathrow Terminals 2 & 3 Rail Station,51.47098,-0.45803,interchange,0.4003143979836955
940GZZLULVT,Liverpool Street Underground Station,51.517372,-0.083182,910GLIVSTLL,Liverpool Street,51.517721,-0.082043,interchange,0.0878480421013776
940GZZLUPAC,Paddington Underground Station,51.516581,-0.175689,910GPADTLL,Paddington,51.516451,-0.177107,interchange,0.09917814812430632
940GZZLUPAC,Paddington Underground Station,51.516581,-0.175689,940GZZLUPAH,Paddington (H&C Line)-Underground,51.518187,-0.178306,interchange,0.25432411750302203
940GZZLUPAH,Paddington (H&C Line)-Underground,51.518187,-0.178306,910GPADTLL,Paddington,51.516451,-0.177107,interchange,0.21010775530589806
940GZZLUTCR,Tottenham Court Road Underground Station,51.516426,-0.13041,910GTOTCTRD,Tottenham Court Road,51.515698,-0.13044,interchange,0.0809765192188502
940GZZLUWPL,Whitechapel Underground Station,51.519518,-0.059971,910GWCHAPXR,Whitechapel,51.519632,-0.059837,interchange,0.015705043467764076
940GZZLUERB,Edgware Road (Bakerloo) Underground Station,51.520299,-0.17015,940GZZLUERC,Edgware Road (Circle Line) Underground Station,51.519858,-0.167832,interchange,0.16771142368297487
940GZZLUHSC,Hammersmith (H&C Line) Underground Station,51.49339,-0.22503,940GZZLUHSD,Hammersmith (Dist&Picc Line) Underground Station,51.4923,-0.22362,interchange,0.15562441347598135
940GZZLUFCN,Farringdon Underground Station,51.520252,-0.104913,910GFRNDXR,Farringdon,51.520189,-0.104915,interchange,0.007006646991729194
940GZZLUHR4,Heathrow Terminal 4 Underground Station,51.458524,-0.445771,910GHTRWTM4,Heathrow Terminal 4 Rail Station,51.458268,-0.445463,interchange,0.035576338587240366
940GZZLUSTD,Stratford Underground Station,51.541806,-0.003458,940GZZDLSTD,Stratford DLR Station,51.541758,-0.003287,interchange,0.012974513374961576
940GZZLUSTD,Stratford Underground Station,51.541806,-0.003458,910GSTFD,Stratford (London) Rail Station,51.541895,-0.003397,interchange,0.01075797597328536
940GZZDLSTD,Stratford DLR Station,51.541758,-0.003287,910GSTFD,Stratford (London) Rail Station,51.541895,-0.003397,interchange,0.01702751291424912
940GZZLUWHM,West Ham Underground Station,51.528136,0.005055,940GZZDLWHM,West Ham DLR Station,51.527894,0.004482,interchange,0.04790980449910614
940GZZLUBND,Bond Street Underground Station,51.514304,-0.149723,910GBONDST,Bond Street,51.513895,-0.147246,interchange,0.1773368251680721
940GZZLUCYF,Canary Wharf Underground Station,51.503488,-0.018246,910GCANWHRF,Canary Wharf,51.506203,-0.018834,interchange,0.3046250063789264
940GZZLUCYF,Canary Wharf Underground Station,51.503488,-0.018246,940GZZDLCAN,Canary Wharf DLR Station,51.504838,-0.020997,interchange,0.24246486120529728
910GCANWHRF,Canary Wharf,51.506203,-0.018834,940GZZDLCAN,Canary Wharf DLR Station,51.504838,-0.020997,interchange,0.21318842094658355
